file,class,mfcc_0,mfcc_1,mfcc_2,mfcc_3,mfcc_4,mfcc_5,mfcc_6,mfcc_7,mfcc_8,mfcc_9,mfcc_10,mfcc_11,mfcc_12,chroma_0,chroma_1,chroma_2,chroma_3,chroma_4,chroma_5,chroma_6,chroma_7,chroma_8,chroma_9,chroma_10,chroma_11,freq1,freq2,freq3,interval1,interval2
Major_0.wav,major,0.8771741492419394,1.0269158100499842,-0.5561080324637642,-0.6659704360283482,0.6660872397823236,0.01259135962112195,-0.9831174038890444,-1.165128276738569,-1.0020010363320278,0.04566113911261573,-0.16438633528941277,-1.6783601030328754,-1.9670653159773726,1.4917380088428513,0.017538234776114728,-0.2321644895461377,0.140641020011968,2.0218179817713144,0.5495325348261855,-0.7541103802815332,0.681732425676477,-0.3560646256493329,-1.2994405670842497,-0.9815329348289982,0.48030159597357425,1.5149245547177992,0.7022958860447682,0.8160669176440499,-1.1980630648603299,0.49448762450405115
Major_1.wav,major,-0.8041209411789001,-0.8836758976070309,1.255905762847523,1.2830436499721338,-0.15579484963538007,-0.16598861911366214,0.8626554543918934,1.1904351901164205,1.2270457204287957,0.7124942428249965,0.348805647267814,0.19235480221011989,-0.010369501207753581,1.1140512712412352,0.20418413554079518,-0.44727583745477356,-0.7081007289651235,0.3912643110618947,0.07907290434485856,-0.044880560824154765,0.5469698631579685,-0.008840995730519526,-0.6966054622329354,-0.8577714258074284,-0.051511405714775665,-0.9467257090789685,-0.727728689849121,-1.231282205366993,0.5224392201723169,-1.1128791039331214
Major_10.wav,major,0.4461182233840279,0.87686766177129,0.6423710035506609,-0.26278219217710064,0.1200339586590792,0.4902663519728526,-0.4789952693314445,0.009407876520237113,0.5588456425886253,-1.0271074728764689,-2.762595696401694,-2.421170864085844,-1.1324877416316468,-0.6902079307214444,-0.7716155023427369,-1.2370422406447137,-1.2109142929905887,-0.5658738134679532,0.48289254117768604,1.7719596874304753,0.35684592839393237,-0.8398513252096096,0.5537741331787202,2.155300248584988,0.33202734595064765,0.7983111459158342,0.46569625678773535,0.37406499576341623,-0.5564373642198721,0.0677606887436944
Major_11.wav,major,-1.1404147494559567,-0.7670818555836312,0.9632758317220969,1.0706270304345722,-0.29247813296420294,-0.3284880047210668,1.0121922722830683,1.327301210130083,1.1714869097830383,0.3109474223802972,-0.16425121601881773,0.11915708384812208,0.4117175844045511,0.6291444081618986,0.21380281188106973,-1.1019893315847917,-0.35685374962309974,0.2656143681115777,0.17439576758647082,0.42942600948729376,-0.003783010263980193,-0.39809633507291414,0.21054592808008957,0.7306097709339281,0.6735091330327497,-0.9467257090789685,-1.0417528578878736,-1.2344314887434136,0.27644215103456843,-0.7707375130950994
Major_12.wav,major,1.0019412550556368,0.7785854280324382,-1.0483938226830964,-1.7381538453942975,-2.445552601913556,-1.9577389068138555,-0.3628440500616256,-0.16207372113773108,-0.785780572464143,-1.4034612002163296,-1.7301290970086092,-2.3086121471857153,-2.3338188378021782,0.8018327113525666,-0.7026058780154423,-1.2764666684299697,-0.637953685715429,0.6759591233508699,0.18163758033762695,-1.1492033124291092,-0.44017053688608565,0.9981018940412867,0.38741866455693763,1.8189186502424308,1.4649596426326166,0.7983111459158342,0.026439561120670415,0.37406499576341623,-0.9005378212264015,0.5532070161240484
Major_13.wav,major,-0.8450017475234709,-0.6459430962832617,1.160617284995453,1.0194452581707962,-0.14481685064910635,0.4688242226645907,1.2298636079254777,1.3857811015516714,1.218253184623772,0.29491256807276084,-0.07919333289900853,0.19769238777036452,0.07380347602227304,-0.43477689737115677,-1.0141073291468572,-0.890710408454685,-0.514573569397235,0.49760411670247107,0.048646666215714354,-0.7609869813973118,-0.25457795113780685,2.456993198356379,1.038631259539012,0.6320525310499391,0.40421102278878634,-0.9467257090789685,0.9698431461328897,-0.026287653464054664,1.8522658348258336,-1.1127565164767126
Major_14.wav,major,0.8320059175639267,0.7357722535258928,-1.6463574574757598,-0.987197308754329,1.609509474178706,0.6253659397759812,-0.9365298241704941,-1.1517136419975642,-0.6428688381593508,0.12236658474457998,-0.21602366083452235,-0.20355108466299807,0.5134589653009969,-0.37025011674788794,2.3786942152918495,0.18595480768284067,-0.6965921391482148,-1.3908022802868412,-0.6702164192143684,-1.1638029885135104,-0.3262678480818277,2.1108781770122365,-0.7255730783252456,-1.4919625818620859,-1.6793193175871994,0.08696861434578444,-0.552026011582295,1.0620259493425,-0.532802181314373,2.2636697954013414
Major_15.wav,major,-1.006326512275242,-1.4387194922636215,0.7015397099299255,0.8465703829238519,-0.3181727729386195,0.9746851087853781,1.077505161669027,0.7367093810459501,0.3871491915194481,-0.5415907017859594,-0.8048228101461545,-0.4469481826232439,0.19202626131198963,-1.6100103381108462,0.06371627644523024,-0.5607633614538379,-0.8183425458541919,-0.9689345887649957,0.07631762834881273,-0.23744203797335026,0.10920974426864757,3.5239969168596765,0.7408370866280704,-1.2622798317681663,-1.897276544294825,-0.9467257090789685,0.24351667057027823,-0.02920074058724404,1.2832835639978653,-0.3145895877965399
Major_16.wav,major,1.1542912372356662,1.007424823757695,-1.6918514622044132,-1.5756245615341833,-0.03048151174940533,-0.8305497903862491,-1.775752862924623,-1.5510653210211836,-0.14822531742241027,1.5107238153700528,0.19295849111704147,-1.2858401510894655,-1.3390089305173256,-0.1718146873034382,2.7957079017699815,0.40835254288464645,-0.5938856686163653,-1.3049101583994331,-0.5349601400219359,-1.1589662475982554,-0.9721497954073183,0.3536095723184581,-0.23744404548597556,0.3026457629341292,-1.2098216840058844,0.08696861434578444,-0.552026011582295,1.0620259493425,-0.532802181314373,2.2636697954013414
Major_17.wav,major,-0.8553479470738141,-1.337014638027141,0.45238672195442864,0.6287824660562545,-0.4241742117322564,-0.006388818200978161,0.052139356703138934,0.3855508123450204,0.9454630326809798,0.8464592732844372,-0.31937705592919347,-1.1747597045270692,-1.049163877944969,-1.5006701184560285,0.19636446075917777,-0.4231868261258757,-0.7891343466754766,-0.8405258092568092,0.4626872343224206,-0.047735849523685335,-0.6584792106901748,-0.06595463966581695,0.1744410112834164,1.0017176758628004,-0.8336432459935236,-0.9467257090789685,0.24351667057027823,-0.5419040742685203,1.2832835639978653,-1.112879103933122
Major_18.wav,major,1.3010584806505963,1.0441535899580543,-0.3849492112965694,-0.7244729667088539,0.2749300404416436,0.11663415722033682,-0.9811933794317783,-0.7237532987813305,-0.19045307025952696,-0.021609330317570695,-1.1173940374454536,-1.3490930645789696,-1.0370862139621781,0.09448043259713658,1.9420388213303312,1.0385523948085873,1.22172264220594,0.8414644381094604,1.5532926717195283,0.1360342315780467,-0.3996916569010895,0.8073774064737504,0.6532577741325043,1.7076213882809113,-0.18139369183206472,0.8002435638361253,0.23633967268427575,0.37471714416986246,-0.7383384069935913,0.32225046072440083
Major_19.wav,major,-0.7060025018644579,-1.2734836063520991,0.43022836494652056,0.4588051576186649,-1.4803653110278627,-2.2408343414434966,-1.2736407190277168,-0.333139440153527,0.5062586930525506,0.5694347188315054,-0.3053938739639702,-0.7584014411969627,-0.15224783669028494,-1.8821651308763017,-0.7115274667990372,0.09166267992901715,2.5495587844838283,-0.34492415770520846,-0.46833709726119016,-0.8286914845135757,-1.275849350083769,-1.454123362152271,-0.9657019132684189,-0.502900165680083,-1.6811191081214152,-0.9467257090789685,0.24107635559435003,-0.5435574480411409,1.2813718947922734,-1.1127565164767126
Major_2.wav,major,0.7283893852661902,1.3731690393880989,-1.255020429040493,-1.0641710525929837,-0.11800490460357245,-1.5192987252678543,-1.8275039867323764,-1.5531424257552746,-0.3544577340547306,1.9454085167374373,1.4925257738068216,-0.7851566916809988,-2.3825592652910323,2.0583825577973767,0.35599892616621065,0.041411970252180234,-0.7634782942314114,-0.22906480692848954,-1.1170776896926489,-0.5917039955416888,1.4919049359997976,1.0023652937305993,2.072937399519548,-0.3080167449900255,-0.14150212614049376,0.027332403378971765,1.229403920845246,0.8160669176440499,0.9315364301689689,-0.08804796835237373
Major_20.wav,major,0.9853615537571434,0.9539096699949039,-0.9539677214691562,-0.7804790539176871,1.36667240781442,0.578778401687727,-0.6407510951959005,-0.6510994664285081,-0.5250340889062313,-0.4495118965171752,-0.19310023827171935,0.7109971176372092,1.2019165246650905,-0.09070337550352053,0.004198771064631677,-0.6346481023822222,-0.6634308536592447,0.005138001441049061,2.8485741762019723,1.0233490391803919,-0.44773706108996036,-0.6809726386494007,-1.012969004597493,-1.4287665537957386,-1.5659549292453885,0.08696861434578444,-0.552026011582295,-0.5488324976966454,-0.532802181314373,-0.24446956273048812
Major_21.wav,major,-0.8680751004499737,-1.7160783076634585,0.8488440697124289,1.313349827131102,0.05059449738785903,0.7472299032247206,1.1219896870051176,0.9710598890127631,0.9030196644577281,0.6115159046347368,0.41564222821350194,0.30617030347889446,0.25642411125986336,-0.8778692364774192,-0.887141650411662,-1.1061368549996569,-0.9279467602795521,-0.2536027476055794,2.008653450281409,0.8165234924824039,-0.6434517985033861,-0.6583623399144033,-0.7953757114955139,-1.303050878141364,-1.6341678459878655,-0.9467257090789685,0.24351667057027823,-0.5419040742685203,1.2832835639978653,-1.112879103933122
Major_22.wav,major,0.8580100336145754,0.957295112587193,-1.3893423609698765,-0.6856143422516497,1.8028066270614778,-0.6988943466031251,-1.825363056808129,-1.4419066434230565,-0.590752880929813,0.5696546526879838,0.5615842652169424,0.5066990467040853,0.3828016325413056,0.36847212012265784,0.10182986089570754,-0.2815850239344454,-0.3002085689633934,-1.2734533983722212,-0.0005225620055096135,1.5587326845220555,0.09784717756351155,1.7139275634660336,-0.29484581545729194,-0.2200855377844706,1.5688725277080624,1.123976060602027,1.8297214049235677,2.506602234106636,0.13628204064276714,1.8807065815790616
Major_23.wav,major,-0.8422728917687681,-1.2598656025002768,0.8613396900939856,0.8726924637044252,-0.8882827655608009,-0.43318748545070634,0.5280719062166858,0.7412795731779759,0.6519340421349541,-0.2215708561478668,-0.3487553708953207,0.323611828524704,0.7399668645498639,-1.1612577591165267,-1.6445863539623387,-1.3897615222942377,-0.9116420746233852,-1.073547778947771,-0.08237264777433946,0.11887480530484247,0.12049268795498666,2.680588411369603,0.5463183146332642,-0.6488465012965976,-0.07306074562299288,-0.9467257090789685,0.24351667057027823,-0.02920074058724404,1.2832835639978653,-0.3145895877965399
Major_24.wav,major,0.5446063084979119,0.6170395431094718,-1.756496137135061,-0.9183157221210306,2.212116385567845,3.266862453265437,0.977981504239924,-0.33515662840490384,-0.4764165195386441,0.1275259722799634,-0.3736478469897925,-0.8152794906477562,-0.7337968941159551,0.4183026716789506,0.25087831127589616,-0.3328971818416242,-1.250381175505456,-1.5448758670730367,0.04671668656717953,2.0296754557593784,0.761287433144861,-0.7357381772133946,-1.074366886162236,-0.2136169481981601,1.703634189938895,1.1235995693711758,1.828390324027607,2.506917162444278,0.13567378225916998,1.8826679808816085
Major_25.wav,major,-0.8164520454842292,-1.642241485521396,0.32376368282547485,0.4796783858779428,-0.5895404373029624,1.8804371860260303,1.7137239859252444,0.9988424976088954,0.4030403841405126,-0.6064352956998864,-0.7237320529934347,-0.40558009124520134,-0.2624250305447141,-1.1165918102189696,-1.5628749265302126,-1.4235203218430459,-1.4611163384910353,-1.4224827032226781,-0.3082912041593737,0.5714434409558345,1.9670776192439867,0.3840425504593136,-1.1635501529917773,-0.8469138866145419,-0.10462747599417278,-0.9467257090789685,0.7102823714205326,-0.21052073098466065,1.6489337465947023,-1.112756516476712
Major_26.wav,major,1.0011118817073092,1.4054980445888734,-0.461422748237378,-1.1609428456615902,-0.90821187562253,-1.000673524159753,0.4471024427602348,0.5772852213770902,-0.8018354521584514,-1.542264013622716,-0.591991973284285,-0.8650231743650796,-1.0830824563720058,0.850210699286332,0.47516096596344687,-0.4187446661416456,-0.9780686140563061,0.12546586379359764,2.3051175151228507,2.6771664885403412,-0.07356489537972778,0.24269683618637047,2.7471100551559684,1.3542793814476581,1.4033079800293375,1.1235995693711758,0.2360848022344972,0.17211719925044403,-1.1116903743894984,0.007079897821149453
Major_27.wav,major,-1.2594632173135836,-0.9183970569190512,0.7300928146481894,0.281327754001945,-2.3942447167536933,-0.9940477125224544,1.0180734617078282,1.2511740941699236,0.8614093442781157,-0.14155285785847546,0.15902995158655903,1.162013294319365,1.3473679217407566,-0.7226823818627899,-1.188326237147048,-1.1990420329031746,-0.9316593481307582,0.9040114881657786,1.3593309278194752,0.5734793974701106,-0.6161206694972347,-0.6317968887523188,0.7910781635916826,-0.06361407473570484,0.10194515874515121,-0.9467257090789685,-1.685663241308912,-1.9111337542517934,-0.2279778370772759,-1.1127565164767121
Major_28.wav,major,0.9370358014477643,1.0748880761075965,-0.5123334093427183,-0.6276888309791142,0.4343700158807627,-0.26812316903286326,-0.8061338192632936,-1.5307290842666363,-1.68162349290532,1.3003412088240498,2.866868801430489,0.9923304501265123,-0.8466827759095128,0.49059670503287556,0.12713913861326237,0.7752399829230456,1.82510365229426,1.3013373107926,2.328926247750698,2.4526880307038845,-0.36515494629615886,-1.198686839394238,-0.9186276981008565,-0.16051421535835017,1.1403201122007798,1.1235995693711758,0.2360848022344972,0.5795557360748611,-1.1116903743894984,0.6414699847386574
Major_29.wav,major,-1.5038247174492094,-1.2244831271144883,0.7720444277205549,0.7851241955003464,-1.4012692843298065,-1.0240641337267877,0.4222205614075429,0.7293411099755072,0.9022599306626029,1.1777064121409968,1.540532144443435,1.5477520152267439,0.8386739078436086,-0.8264964644329154,-1.1185090823202304,-0.5368021950559718,0.8561121025375534,0.2036923957340292,1.119323913502888,0.5943990311077175,-0.7285523682695707,-1.151677527882515,-0.8242770493950239,-0.5691616038943887,0.12008034130481132,-0.9467257090789685,-1.685663241308912,-1.9111337542517934,-0.2279778370772759,-1.1127565164767121
Major_3.wav,major,-0.86986275723635,-1.1312048892205897,1.310364187277803,1.7089075012518666,0.4791918153825987,-0.5929243849535326,0.4281393869572191,1.0388590389017014,1.2631268355195429,0.8220798000004658,0.5590211554290391,0.49855155238309523,-0.04231531693622337,1.0327242321706451,0.24431399151008554,-0.7141300783778305,-1.209752114994215,-0.5608417662943219,-0.6443685855980713,-0.33108219059203636,0.4859962744966323,0.3408576864695535,0.4260044896004245,-0.46780963157303773,-0.5480767907129543,-0.9467257090789685,-0.727728689849121,-1.231282205366993,0.5224392201723169,-1.1128791039331214
Major_30.wav,major,1.2884245152911025,1.1036727876659944,-0.7934538689232341,-0.5846475872304475,0.5134866499459417,-0.988903338155575,-1.2564656532957275,-1.4150863198047856,-1.173939944958738,0.9358633171485685,1.578894294486574,0.33300744436912516,-1.4215105779779997,0.3273379785415555,0.0026868425502905237,0.6561870346331404,1.5969616074570907,1.1114020813501084,2.13816277313647,2.597328297404079,0.6782685227564661,-0.7464041924270133,-0.9126213196341296,-0.22691256141881191,0.9712444509937923,1.123976060602027,0.23863604061842184,0.5805005210877873,-1.1101262814031057,0.6401215227181567
Major_31.wav,major,-0.8927140120564655,-0.9834129516012934,0.8920076655243405,0.6676532490866061,-1.4961143158255097,-1.2858224045129059,-0.07055070008085454,0.30874214639398756,0.6289794700843236,0.7250948104929597,0.7938905649994626,0.7511972099704203,0.17236176068335327,-1.2409881103880125,-1.6530918361851212,-1.2956205387157698,-0.4770137001131281,-0.7848179502995731,0.08970247309137254,0.704505816172342,1.9711495524893559,0.4771176417202408,-0.9545651907390245,-0.9148440575833798,-0.363118752298284,-0.9467257090789685,0.7120571459484805,-0.20933974971850308,1.6503240514714963,-1.1128791039331214
Major_32.wav,major,0.9699102040271143,1.0156062161387942,-0.3372924384770138,-0.7208006042492326,0.7058056365179189,1.3008970687084485,-0.413185818989577,-1.3164804327246908,-1.901229080706313,-1.2786014144840774,0.46579724699534464,0.7790880357071975,-0.9192971890840167,-0.20097994331189498,-0.1766847593313115,1.6347499657817817,0.8075123175628754,0.6924461813719431,0.08142786696493398,-0.7386290971680592,-0.03962452800932844,-0.5436923418812901,0.28810686140379865,1.9460007255934857,1.3140244693849996,0.7992900231160468,0.023888322736745782,0.3761120299580893,-0.9036660071991877,0.5592138014880974
Major_33.wav,major,-0.56956592666376,-0.4415900454041078,1.3032498597876425,1.1525747439845224,0.41240742798507674,0.46984357347487793,0.4421029893980168,0.3483527666816477,0.4288140113414547,0.7618641449904006,1.2372320436191078,1.1395823505342082,0.099137272437472,0.5421763304603221,0.04014861712030006,0.03608461093378521,-0.4774300635804056,-0.01867223686374166,-0.3253755801541909,-0.2824905772708502,1.413567647995022,0.5406691896710594,-0.42473628764449134,0.14797467479966095,0.4718723769138835,-0.9467257090789685,-0.727728689849121,-0.20933974971850308,0.5224392201723169,0.4783060802580389
Major_34.wav,major,1.1976997685323023,1.1122034270366474,-0.659662836912263,-0.9943798959886871,0.34461762771604526,-0.09546290057163845,-1.5404316574729608,-1.410519976474601,-0.5347269976871268,0.3897518056710463,-0.16722353769166065,-1.0098146057407953,-1.5711856955616277,-0.183648475585301,-0.03893198866692799,1.6226199149213834,0.7927745850496317,0.7147057556472327,0.3813264540902684,0.17216851919296952,-0.5595934533912541,-0.9560013317301317,0.25304959612972294,1.9394100455576069,1.288958047373846,0.7992900231160468,0.023888322736745782,0.3761120299580893,-0.9036660071991877,0.5592138014880974
Major_35.wav,major,-0.7622678731937806,-0.35413521941022313,1.0937726879323955,1.1329618346715664,0.05682139582592199,-0.4252221034387613,0.3792318225147478,0.5114827243987938,0.6969608439245415,1.312573019032883,1.6877341067721858,1.3620047731881109,0.36909450345724776,1.0149369832104815,0.45195725740390086,0.6376671445231495,-0.0965495447242195,0.38676813828477885,0.22173142433325946,0.5097435438329806,-0.1975077754121703,-0.7075151752068002,-0.39845856575431704,0.3093155507236904,0.8289873200522783,-0.9467257090789685,-1.040089006767923,-1.2347464170810556,0.27774556185656263,-0.7730666747668735
Major_36.wav,major,0.9769792916580362,1.1386395464738945,0.0037075783010120686,-0.6952578878069229,0.33751819881921713,0.7589699736143892,-0.3546837612668318,-0.5681192987362449,-0.5976553327616994,-0.527213732253354,-0.6223011602723303,-0.8996104855286277,-1.060379803113004,0.1203756609771671,0.1610830892842496,1.6264973906372768,-0.06601007599597511,-0.29396649628482924,1.7808438104813462,0.6110257883442657,-0.22267437979653792,1.2597978618735521,1.1264609726653125,2.0022426647268623,0.4838710688986498,0.7992900231160468,0.23863604061842184,0.3761120299580893,-0.7354391171071069,0.3218844858799245
Major_37.wav,major,-0.6821797619705993,-0.6417675293189066,1.3189673622626008,1.241020395251918,-0.3765206175580901,-0.8662877391613663,0.47583099974886683,1.0008117286190894,1.0858987021050277,0.5571182535585928,0.3439885848150522,0.514421814099682,0.2410386627634421,0.34661298067903695,0.02415474964089187,-0.11829136735226667,-0.9721836241080939,-1.2143179237538284,-0.3949635147997231,-0.5413491681623575,-0.2846887981467689,2.0365479656511667,0.9347617823908517,0.1803249702005958,-0.07291922408572118,-0.9467257090789685,-1.040089006767923,-1.2347464170810556,0.27774556185656263,-0.7730666747668735
Major_38.wav,major,1.2936640115281486,1.0290961627611135,-0.8828200820867731,-1.0734927071562073,0.0896007328316084,-0.18089431114476898,-1.0985733316894755,-1.7583324540668723,-2.0234738482032504,-0.3311177259590517,0.9202323729101313,0.5454735529418915,0.94892460273462,0.40056224012646496,0.13229717777589303,2.4798154488605664,0.36965023031430616,-0.7407800084459258,-0.9061005841264904,1.1207891725705317,0.42448673847013646,-0.8389129263185406,-0.8317808295183997,-0.3492898072087656,1.2794268967943303,1.0080167614998914,1.8297214049235677,1.3183776161831373,0.2700988850341951,0.030616689451712056
Major_39.wav,major,-0.5857410366565619,-0.8238134614598949,1.3064455549963667,1.2162492704523151,-0.7496274323357629,-1.002495581578449,0.6372100311336298,1.0885796530197445,0.8917959993229102,0.13028996012215596,0.3925038088247242,1.158227100582177,1.2842658637791105,0.9547307149251685,0.2295471804988517,0.2350496685010419,-0.3906100382559193,0.07530301180189239,-0.2291824704430777,-0.05380674452884726,0.6716301043654432,0.07767190269907394,-0.5829688157113785,-0.6193837613628873,0.2745839263975617,-0.9467257090789685,-1.4451812927719938,-1.2347464170810556,-0.039591526271681055,-0.32537728396054705
Major_4.wav,major,1.1405584298463192,1.3554768628592113,-0.9582143612676385,-1.2896145269435921,-0.013815189650878218,0.11687602324936724,-0.7225063476263023,-0.6971226066699833,-0.5735844274146162,-0.8655641082266883,-1.416188993608886,-1.529663248882973,-1.5208542643055607,1.7474577495404855,0.813589900094533,1.4534577719220108,0.8320449557594805,1.1956528628440357,-0.027684089422722772,-0.8713733587826147,-0.0890928920568507,0.5574404804985885,2.2304667608328534,0.5323623113872071,0.4691119774446255,1.0076759079299398,0.026258312256693058,0.17138097364987182,-1.142286404270183,0.23782418012428197
Major_40.wav,major,0.4876528989788719,0.6256066093166699,-0.4248403418019426,-0.9237838015179978,-0.035488178139256775,0.7614511238048008,-0.6070379494198185,-0.29272483636778035,1.149787240602934,1.5843437532264508,-0.06300577222950308,-1.2458520332748801,-2.278156102083359,-0.7082595603367298,-1.0377272621778306,-1.2759888619711877,-1.4763642835478734,-1.0303468748655897,-1.2583405613647887,-1.3702452558282712,-1.059785370574509,-0.365380695671736,1.8541472737906444,2.1795265695477917,0.4838668245788815,0.7983111459158342,-0.7222934428572813,0.37406499576341623,-1.4870726911238947,1.3806723468860158
Major_41.wav,major,-1.3010802089898157,-0.9455703503783351,0.8746864961373142,1.2226097733393313,0.1917708765358101,0.1308720668701245,1.1705374420920975,1.3454542400457328,1.1598764163463935,0.6259525559875181,0.666627784744979,0.8236972333863759,0.04488889647113706,0.9024723900844576,0.11446013156069033,-0.8301283323842393,-1.091534024305023,-0.2126494388847143,-0.6829705244505552,-1.207953311701771,-0.9589217805046958,-0.5026190128840633,0.5252069815498996,0.6899523041915975,0.41553221523055,-0.9467257090789685,-1.0417528578878736,-1.2344314887434136,0.27644215103456843,-0.7707375130950994
Major_42.wav,major,0.6735769704300517,0.7762251943449688,-1.0613396560435262,-0.6019982831182336,0.7350398289097415,-1.497348457705606,-1.96092379977958,-1.4408772449630922,-0.07925021880228836,2.039429938798242,1.5682999746039599,0.35498250150502925,-0.028961512476612057,0.40218646757714444,-0.9153747969562644,-1.3831415277787593,-1.3817209584176602,-0.9524611976688183,-1.0519197636185125,0.7054608198683157,-0.5280577615089912,-0.5383598383957838,1.005305024712188,0.25086924831781554,1.8851433206369057,1.0083932527307422,1.828390324027607,2.506917162444278,0.2686216861026016,1.8826679808816085
Major_43.wav,major,-0.9627580082166626,-1.1035873385692172,1.0799455651837915,1.0603394048479853,-1.0313314465721155,-1.2051773061983082,0.4196252923663638,0.9301160294643959,0.9028444377593972,0.3451826075345212,0.6417786102959495,1.1754979322187011,0.694915971357247,1.0425087643791844,-0.028023055768766583,-0.9144545737725751,-1.1297491233576071,-0.3455318857547691,-0.7374953251186935,-1.0220370870173396,-0.9841369805667288,-1.1057466693256974,-0.4683012159466533,-0.42232144862752335,0.3635241776806446,-0.9467257090789685,-0.727284996217134,-0.6959040313754884,0.5227867963915155,-0.27977475017633235
Major_44.wav,major,0.9973276716638639,1.053749995948443,-1.0292602746749295,-1.3922886366690286,-0.20973890113245924,0.5575312082425514,-0.11419320768059636,-0.6001400817934254,-1.2732424326143765,-1.16471902022113,-0.38374672777571833,-0.7104374241137461,-1.0836479221510789,1.5279759063700118,-0.09833551378622914,-0.9703675156705434,0.4652777058235144,2.250436992023223,0.466763922827199,-1.0997049390816134,-0.396439554227102,-0.5671774285647503,-1.1348435670516885,-0.9825479877241561,0.45800300099127295,1.0080167614998914,0.023888322736745782,0.8160669176440499,-1.1445363271037585,1.244232507902598
Major_45.wav,major,-0.8318133134648146,-0.8757322184994668,1.1839804625180386,1.0263116699067547,-0.8405988207873574,-0.24227523511835455,1.2274564215656145,1.4448933147081537,1.2123295313176012,0.4272761786850114,0.15920482070968928,0.2260221545703978,0.205693721427337,1.2895825844628495,0.28513936289452047,-0.47349135619735006,-0.5053750541918948,0.5122093946573448,-0.11716873395807478,-0.8935621323774422,-0.8843100731535813,-0.9694344229471183,-1.0757723737213223,-0.9327015920856482,0.05925207673656759,-0.9467257090789685,-0.727728689849121,-1.231282205366993,0.5224392201723169,-1.1128791039331214
Major_46.wav,major,1.290898657133585,1.2344173413166868,-0.9592188633055118,-0.9593350135640829,0.4256111457967515,-0.3728728836270439,-1.074644877760452,-1.5784794003396843,-1.5871490840414852,0.31759860145488794,1.3907858184252495,0.4265175193225973,-0.6885340152974176,0.39549769820178593,0.05820702086365002,0.6625624300707537,1.666780750194923,1.2215051197715894,2.195368689666731,2.3215044333893435,-0.3656243903444825,-0.3166209833373188,1.0896485490336203,0.246075269461543,1.0523900090225338,1.123976060602027,0.23863604061842184,0.5805005210877873,-1.1101262814031057,0.6401215227181567
Major_47.wav,major,-1.1984367148994335,-0.9871919542420261,0.7636227703722801,0.7493541707765572,-1.3167162592980786,-1.2506242781278738,0.3055865958462331,0.6745801753436341,0.6872565209492665,0.5471874526465019,0.8713139070504061,1.1389193776861293,0.6217695116343157,-1.0368531970520112,-1.507042324390283,-0.7570156475961815,0.777672881336063,0.21589736885539712,1.1061355174416174,0.6005972010154432,-0.6512819985564398,-0.5324024994697211,0.3525575121152762,-0.22624614594584178,0.02073832334975602,-0.9467257090789685,-1.6843321604129513,-1.9102677013232778,-0.22693510841968031,-1.1128791039331214
Major_48.wav,major,1.1834839365899033,0.7833329338839877,-0.9530537544300173,-0.8801739538121336,0.8109502005393496,0.22649108790495248,-0.8880489980181272,-0.8817020930796078,-1.0494459540155097,-1.6052189371962624,-1.3166910319298841,-0.10261818890967596,1.0281718943664584,2.0080572105011165,1.4644149911046804,1.3244222581027845,1.8328779465605713,0.4640738304711494,-0.2982903317318696,-0.8653414269854715,-0.47733510871365914,-0.5423788767407335,-0.720003282626853,-0.440395488560922,-0.5998547065504264,1.123976060602027,-0.18597876519307446,0.8160669176440499,-1.442756723176084,1.4761679754287675
Major_49.wav,major,-0.683058835594482,-1.207000498779333,0.9668793261092982,0.9443453108736864,-0.4142925296039635,0.6899994442279016,0.9450189376111285,0.825045884651684,1.06972372250832,1.2392883998853035,0.8006610379810893,0.14019393716797696,-0.223430287922314,-0.5963664149808912,-0.1436620835999145,0.2889324810402653,1.656862779809748,0.9259289801293037,1.1084777668958774,0.4067531051433043,-0.13164536355693646,-0.23848823081636544,-0.5185910636559109,-0.5655010946481515,-1.1442623292459997,-0.9467257090789685,0.24351667057027823,-0.5419040742685203,1.2832835639978653,-1.112879103933122
Major_5.wav,major,-0.42564324745755977,-0.30473366943622127,1.2636396227888493,0.6564638378209856,-1.2083403788155371,-0.7231168529653405,0.3916232147812732,0.5778559882879454,0.6522074183618776,0.5532044806360737,0.6903725027400116,0.8471881293214034,0.5410977474533399,0.3635985197822335,-0.03486988936844128,-0.06046505024238703,-0.43777352432348565,0.9607653988237262,-0.01881135911411596,-0.38104178815241097,1.296996230850519,0.39004746010470287,-0.31069858817382606,-0.6855653570765726,-0.38146774246626836,-0.9467257090789685,-0.727728689849121,-0.20933974971850308,0.5224392201723169,0.4783060802580389
Major_6.wav,major,1.0125592529879224,1.147570505512144,-0.5679147363407366,-0.7246853165833474,0.48908192275841816,-0.08484259774438761,-0.6660260213188854,-1.0440707681947685,-1.6802023629897234,-1.563114217285217,-0.7336259877716124,-0.07937672987900964,1.2059009871311435,-0.07885474640942,-1.0062852961529372,-0.5275898801904798,0.050111589544081216,1.0394171603555282,0.1769521733458342,0.6713801658374694,0.2391751707058124,-0.8558432445025851,-1.185894620908667,-0.36134884133238465,1.6006847654508356,1.0080167614998914,0.023888322736745782,0.5805005210877873,-1.1445363271037585,0.8774508383263296
Major_7.wav,major,-0.5906116636609717,-0.7499154272110613,1.2346603656908817,0.9054327398705927,-1.1165481446107646,-0.4039446649760449,0.9558877919673847,1.0880434993200403,0.8805724596187998,0.34159103178588834,0.420079626675509,0.7870030121909094,0.8744529938386595,1.0014107303412585,-0.13831648795214205,-0.5109443326100276,-0.5948197525533425,0.42598419262427123,0.18490077757743711,0.3111544804996345,0.8713737966902285,0.15503509113627897,-0.6188534917652728,-0.5277869016825275,0.8793652735412005,-0.9467257090789685,-1.4451812927719938,-1.2347464170810556,-0.039591526271681055,-0.32537728396054705
Major_8.wav,major,1.2945492976864756,0.9704545889398267,-0.5611421812685425,-1.3121095878886284,-1.0199420885706387,0.11041779245864185,0.003440132614981111,-0.3072930714443755,-0.5943853542180454,-0.22735042668269595,-0.2263661794998656,-1.2715711367541105,-1.8473828663380651,1.0601543371317999,-0.3944096972474992,-1.0622825186778317,-0.48679571174948233,1.321590220406534,0.3096877647209558,-1.122641047629487,-0.6450552673648783,-0.9210964309973279,-0.3650589173465669,1.5373332539744688,1.6219251984609218,0.7992900231160468,0.023888322736745782,0.3761120299580893,-0.9036660071991877,0.5592138014880974
Major_9.wav,major,-0.5128975171623569,-1.0414536703867883,1.2151339025027934,1.1367767338286474,-0.3974284359056011,0.5276821169213372,1.3887674917248383,1.3826028754152007,1.1461442311352743,0.5377511219636988,0.5602215858615904,0.6528605866072786,0.08198040687518224,1.2953083840214619,0.2861653424603508,-0.4785434233374238,-0.7830528449222458,0.2869673424228176,-0.14775661090972803,-0.9249614695373781,-0.9607438356649497,-0.9853867458031978,-0.6708275117543976,-0.01585736061842057,0.6126978457435789,-0.9467257090789685,-0.727728689849121,-1.231282205366993,0.5224392201723169,-1.1128791039331214
Minor_0.wav,minor,0.9376430766897045,0.9075683498250688,-1.4358132260247995,-0.5938322102035918,1.8913564712707442,0.475272163953692,-0.4401813958200529,-0.4996683579938097,-0.2844824509732701,0.36631014118694644,-0.49602555173584584,-1.901483031637696,-1.9098278246667166,0.9286583147866708,0.13013296773862357,1.0465033694029513,1.93016989664418,0.012556277333922122,-1.4371683407921911,-0.33715971449837345,3.07820206804043,0.77300366627755,-1.175793375605634,-0.9654387317495585,-1.0048484946442167,1.3790865186267258,0.7022958860447682,0.8160669176440499,-1.0413061900017997,0.49448762450405115
Minor_1.wav,minor,-0.702481547968094,-1.1666388128188179,1.0737032385714282,1.3986677709257505,0.5940765829651661,0.5635441671245792,0.7963986282328835,0.979451661814674,1.0315134525160046,0.4624053213159139,0.3221926675751114,0.5899913134058629,0.5143511968908248,0.29902813471063727,-0.2807004731507318,-0.9001501273837809,-1.1179901605266631,-1.5903784204320655,-1.2814770475133481,0.09673015073005888,2.4759085208658305,1.0677976724339806,-0.7671654028337008,-1.069462488853942,-0.8932934465560999,-0.9467257090789685,-0.727728689849121,-0.20933974971850308,0.5224392201723169,0.4783060802580389
Minor_10.wav,minor,1.1185909080509195,0.8754447619396557,-1.8013456535352703,-1.4891168132578112,1.1516348644630565,0.28839009455939896,-1.6920379657813682,-1.4183201455246086,-0.27673748107933066,0.6315768691348256,-0.20847451393555166,-0.6345380295183612,-0.04563170127240623,1.226663048505122,2.907326806481631,0.4838438139954516,-0.4125240423996041,-0.6986299026611266,-1.3687102509216922,-1.4021135877463524,-0.43578569120889127,0.8917896772626407,-0.7091573455537727,-1.3670723790855794,-1.039086493769522,1.1243566014827102,2.1604939511460017,1.0423375707104992,0.3949601409212919,-0.7647379020021279
Minor_11.wav,minor,-1.2154955579169513,-1.1069810429182483,0.7394070642707599,1.1534263876027029,-0.3414167005623116,-1.5088039355381586,-0.06578275972409088,0.5041525772709112,0.3254318899254654,-0.803221410076564,-0.8144205102818644,0.26500623094530074,1.296438162404969,-0.6282510585843345,1.4211219863666946,-0.2345085138902201,-0.6387589107902284,-0.09291866565815476,-0.7520498567898686,-1.0709739187808387,-0.34813439501952326,1.6152624085629383,0.043181206622326364,-1.2521358543101195,-1.5604279627797093,-0.9467257090789685,0.9716244341808163,-0.02517732451945272,1.8536612421978738,-1.1129963094776179
Minor_12.wav,minor,0.8915569430475316,1.1750108039279579,-0.6537007323478985,-0.6874707906920708,0.8560864687098326,0.223574014194514,-0.6040965255581,-1.1372756420535355,-1.932486162145572,-1.9490806964614222,-0.9553184723667335,-0.08339621934161787,1.3619576121886443,-0.3942065536570245,-0.39787736983155064,0.14130073124772866,0.4047104498526842,1.2773126572589042,0.351681772964342,0.6883930197402441,-0.02576967033514502,-0.8540352821929215,-1.1637364086900794,-0.4201976626025838,1.4888023742005945,1.123976060602027,0.023888322736745782,0.5805005210877873,-1.2783531714951866,0.8774508383263296
Minor_13.wav,minor,-1.362235621493687,-0.6190578377067605,0.8285167802561788,1.0571811738339987,-0.12068142344210082,0.2996909789041355,1.0899748380703576,0.9184559867667268,0.4309591273005483,-0.29323458478351805,-0.03948247451570274,0.7769582310129254,1.360175143435921,-1.0052500698868923,-1.201251598778176,-0.5323719856066532,0.12199541196088648,1.2315220755036422,0.7110233397617975,0.9948633250503282,1.4580250398993557,0.5812148411515949,-0.4548985295426562,-0.46613048990354733,0.4744844904612392,-0.9467257090789685,-1.7868253894019333,-1.7439855390482693,-0.30722521505453726,-0.74070358627485
Minor_14.wav,minor,0.19508989722275483,0.8181926653886374,-0.6509721484923474,-0.6678550762288572,0.8726147349980113,1.1313317286206437,-0.04349827677172332,0.2017305801147894,0.9628903751763876,-0.30927790459746235,-1.6045216789590382,-0.4303445138231984,-0.10638655660204785,-1.1746181620840415,-0.22901993610863716,-0.5671292996336075,-1.0229566272587025,-0.885120903354115,-1.1405638257379327,-0.8823821222731821,-0.03625955065812595,-0.5637571946694349,0.5795392105343501,2.120431118221995,-0.014867805725837326,0.7983111459158342,-0.5525806286222791,0.37406499576341623,-1.3541247872804631,1.19311353857997
Minor_15.wav,minor,-1.257389783942765,-1.2790775667353202,0.7638367418402405,0.8374416525695886,-0.4047010504460319,0.8769373529907646,1.3372194100071246,1.1458314775917442,0.7391887849077193,-0.19869197852976686,0.017858425877778306,0.7413697778109505,0.5018732569119493,-1.654806794357257,-1.5919583265205555,-1.36295337738515,-1.0839702784012317,-0.20394647205163074,-0.6783406618855984,-0.3492499463884458,2.01435227864295,1.0843258851350088,-0.05845702730273128,0.5381584850672186,-0.3953884481310758,-0.9467257090789685,0.7102823714205326,-0.21052073098466065,1.6489337465947023,-1.112756516476712
Minor_16.wav,minor,0.931342790196277,0.8728847439527856,-0.719059839209226,-0.35714478194704347,2.490015538312997,2.3212329105535927,0.0027684884847305477,-1.0653305093478163,-2.0211711912755788,-2.066863996077149,-0.5325157652230563,0.13152826326892858,-0.05110938569349993,-0.9079492679123655,-0.7188409120063405,0.9308232231603741,0.9688240271152838,-0.9203989192146337,-1.2412506611967302,0.11472864858312823,1.8560381922918072,0.042057290829959626,0.5384376094711447,2.051241713458862,-0.02862072812480725,0.7992900231160468,0.7022958860447682,0.3761120299580893,-0.3722219680446591,-0.19053108191044932
Minor_17.wav,minor,-0.5211819318439647,-1.0049517269624404,1.0314214916965088,1.1539090137045078,0.5308201617299995,1.3483275302986542,1.1428028610391021,0.8523630807860044,0.5082684692782877,-0.0766698305454564,0.41203610043188926,1.0806891597531272,0.8342728114211263,-0.12352834521019256,-0.5626953430940834,-0.9250082717005809,-1.0583937120444125,-1.5496039274650772,-1.2422150456321492,0.11239556998728831,2.555484188094774,1.4216941268955479,-0.1568171020891124,-0.06926391131718655,-0.36979957688345244,-0.9467257090789685,-0.727728689849121,-0.20933974971850308,0.5224392201723169,0.4783060802580389
Minor_18.wav,minor,1.1211434831407625,1.0539017118449805,-1.2111178930596778,-0.6467827874944307,1.8013540355551638,1.08162628331769,-0.4863867045275287,-1.65369788700035,-2.7068519510195066,-1.7020931132248887,0.5914228018597607,0.9802460771796038,0.3341766073521089,0.531837639262864,-0.6030901049120443,0.6766112725725556,1.4121657579102687,-0.3580301658152194,-1.194544608852224,1.4664999212773218,2.6680026729415753,0.24588306613864055,-1.01261355928383,-0.18089021744920794,1.4027079393221051,1.0080167614998914,0.7022958860447682,0.5805005210877873,-0.6130922879492299,0.12770595492778286
Minor_19.wav,minor,-0.4645655523185334,-0.9469729713525115,1.0914610798559348,1.0879449060643454,-0.021898155337918643,0.4263630884319271,0.6602176483901758,0.555095370449409,0.2931956963837222,-0.15552907031772886,0.4852333379137695,1.2314236079137724,1.0658044250965333,0.1602497105006398,-0.5636065563278487,-0.9562445626572758,-1.056494125131865,-1.5715805472922983,-1.2582181971438162,0.23338450653003398,2.362567868029482,0.9599820742711469,-0.7557398074262527,-0.7958511786487139,-0.1405937090751013,-0.9467257090789685,-0.727728689849121,-0.20933974971850308,0.5224392201723169,0.4783060802580389
Minor_2.wav,minor,1.0385059030949604,1.1161713234792572,-1.5013206133228676,-0.797470269799973,1.067207035653347,-1.0902452670601852,-1.2919451524908447,-0.7194434728927659,-0.047699504076850106,0.8139304802568618,-0.11364360813653122,-1.4944489598771777,-1.7719734742389905,2.2192737922416157,0.4489128053211083,0.4947368555299015,0.9938234624567001,-0.5518420553314637,-1.5908176007303505,-1.0369328908481286,0.5053995596908836,-0.15513406481341976,0.4921324714464524,-0.5800599827712583,-0.7748575603137371,2.9620775249388482,2.1604939511460017,1.5879562949391408,-1.7257668447808163,0.08480154653656635
Minor_20.wav,minor,0.6737035508193564,0.9124210053078818,0.22838321514774415,-0.1139717060376157,1.295332338804374,1.8210459316881458,0.7064659070333918,-0.21779251332507754,-1.8638482212671201,-2.9186591874010444,-1.6400009161587654,-0.8361148709388988,0.08496311809632587,-0.7932695688113097,-0.6848270010370398,0.19101392477876147,0.8915087098086083,-0.5587305128304698,0.2135933333921235,1.6845427472350658,0.4772315595809184,-0.8633077228080039,0.5290272830647553,2.1527350021079985,-0.03602759666032732,0.7983111459158342,0.46569625678773535,0.37406499576341623,-0.5564373642198721,0.0677606887436944
Minor_21.wav,minor,-1.1261398984363358,-0.7723107965326088,0.7209549348130174,0.8896822068828258,0.12586087955666808,0.93061931422626,1.4488793594714884,1.1585402212707727,0.4451953871672987,-0.5564016131770357,-0.2114064811953645,0.7009537331220251,1.1698373567945717,0.9242688003217128,0.6488017975211678,-0.4558028450268867,-0.2724179804844186,-0.9995791897343246,-0.5521056602904362,0.4668569101720854,0.22326549626244888,-0.3572429862806655,-0.007484462715140093,0.7600621019526802,0.5046626650932464,-0.9467257090789685,-1.0417528578878736,-1.2344314887434136,0.27644215103456843,-0.7707375130950994
Minor_22.wav,minor,0.7782659414862528,1.0600131586277772,-1.4487474207698172,-0.7250248800220193,2.2399212790601855,0.43370144805669625,-1.0564236245589735,-0.4702207590215256,0.25894019388247447,-0.14291258749771885,-1.1136684333960498,-0.862471135523323,-0.3900234155712081,-0.6378761668098664,-0.34279314636588465,0.2573161802683986,1.429314513998041,-0.054506586589182685,-0.9838734516752996,0.1654963091967596,-0.18013110716794195,1.127023309653905,2.834409836982677,0.4497150367878978,-0.8723872537277612,1.0083932527307422,-0.1782141266333029,0.17211719925044403,-1.3032917652226799,0.4649440475094382
Minor_23.wav,minor,-1.474371868215113,-0.7115493310381694,0.24735751556234,0.49270332968237673,-1.5574747530459592,-0.9312932655637758,0.6860274421685136,0.6935729982177425,0.3362711099418981,0.22542972319792326,1.1130185153604344,1.9847862271374872,1.8534340311382853,0.8407419550825216,0.2026891861550335,-0.5933466238526813,-0.3709368236231134,-0.2295067314460801,-0.844811925202967,0.14919952392982122,-0.348920898531901,-0.9894576628131547,-0.18605762838707043,-0.5748468307867283,-0.6388455480061848,-0.9467257090789685,-0.7322765495769868,-1.2344314887434136,0.5188765639255324,-1.1127565164767126
Minor_24.wav,minor,0.599457551674328,0.8891074543847651,0.07439068025478426,-0.8514301401534646,-0.1895638822379503,1.4688635206292464,0.4825302942430499,-0.2461821078777683,-1.4360652882838298,-1.5237032215131783,0.022854362666948565,-0.12278211030028444,-0.9376574808788207,-0.8136449330272847,0.004910636751741663,2.2277396348944127,0.5886051850510785,-0.9914850966810325,-1.393450601313542,-1.1861231984877505,-1.0126361777506196,-1.0011429196431718,0.6247796309535042,1.7786528036181741,-0.15359724376499434,0.7983111459158342,-0.18320567999315573,0.37406499576341623,-1.0647675847976994,0.7848973087373989
Minor_25.wav,minor,-0.890773371609396,-0.46271873720332685,1.138922905867338,1.1841813888028732,0.20395765218988635,0.24396002654644153,0.900831579397997,0.9332178776886568,0.9542142077102161,1.1271046094831092,1.2438164631084498,0.9788132116423269,0.2177018183349262,0.742493330099615,0.9062330564770801,1.713259305795707,0.8842126377920514,-0.811473527794658,-1.2026153502839811,-0.8427897578785306,-0.5077729680640249,-0.5211252142615196,0.3399783377738741,0.8667189471680162,0.7418501088607335,-0.9467257090789685,-1.0417528578878736,-1.2344314887434136,0.27644215103456843,-0.7707375130950994
Minor_26.wav,minor,1.1157277062388566,1.1259524923931519,-0.30261137892476314,-0.47651353304379057,0.7261302035560253,0.026126257894700595,-0.4284787157229134,-0.44248670904186377,-0.47210446267735773,-0.4701450445953767,-0.5346113230382687,-0.8576243266634161,-1.1673895542388628,-0.16600489180752148,-0.7905750576140274,0.25344472280749664,1.2617098566430653,1.2191969643837886,1.7293297599032567,0.7061433020715311,0.4086067718576498,-0.5166310186738173,0.6640079351711495,2.046462674457,0.21320655295930413,0.7992900231160468,0.23863604061842184,0.3761120299580893,-0.7354391171071069,0.3218844858799245
Minor_27.wav,minor,-0.7366326263757682,-0.6802669402028647,0.918573476660992,0.8212016449686461,-0.3797049669595239,0.09031135339474534,0.7520840785112086,0.8243062385573454,0.7386733901307392,0.5186222943741884,0.7875993573501142,1.0135416918243259,0.3885893131191768,0.2856704857082802,-0.2893147082642074,-0.8561613260504335,-0.8051332475586352,-1.0417319961689535,-0.39680934539833745,-0.00548117110815909,1.4819393913517351,0.5194356003855498,-0.3561738143548206,0.01154747559914433,-0.15054876109146823,-0.9467257090789685,-0.727728689849121,-0.20933974971850308,0.5224392201723169,0.4783060802580389
Minor_28.wav,minor,0.8751053752719541,0.7518635269187929,-1.049335431433839,-0.9931136511624465,1.4177745888314541,2.282573998134496,0.3344126359226059,-0.4743217093939618,-1.0844983178012928,-1.2541212016738514,-0.4335088578059819,0.21039798837501789,0.3607806341533102,-0.8547500049761687,-1.0037293870521884,-0.19554357987355808,0.6339682377954236,-0.7583537097530301,-1.4700179883180773,-1.348730365278746,-0.8844854172162824,-0.4241285175547644,1.6862014227844666,2.1859727493524863,0.14247761672172382,0.7983111459158342,-0.1782141266333029,0.37406499576341623,-1.0608573523317162,0.7793808731989861
Minor_29.wav,minor,-1.3106708090383588,-0.90790575245973,0.6140849155282934,1.0216836453509666,0.4510790924152034,1.0441800263095145,1.4780061817619368,1.1497135403621817,0.37289675109143455,-0.42610764957139846,0.5009887133995317,1.484101883765223,1.1688385697438186,0.41023783771321803,-0.32942334032277343,-0.41764831203235353,-0.4438714292630987,-1.6864150832965121,-1.5249970198064922,-1.1114256465583972,-0.7030847647459632,0.48099607605084194,1.2109742750877246,0.8382531363716543,0.9609068796583143,-0.9467257090789685,-1.0417528578878736,-1.2344314887434136,0.27644215103456843,-0.7707375130950994
Minor_3.wav,minor,-0.7937250413530017,-1.0938414698886751,0.9955669463633825,1.3826356359165077,0.3252125335611542,-0.27072918922697864,0.5518537416681623,0.9421795917294065,0.920209253047133,0.24529217157274585,0.07068189911374884,0.22260340690452873,0.17928366636843285,1.5184989002707288,0.29862928055091614,-0.9974264498626301,-1.2177052937607755,-1.6411660636699827,-1.4286299743118878,-0.8555028855156991,-0.30669008593161423,-0.510536650411737,-0.45294012296449926,-0.9076869488870409,-0.8391489245428653,-0.9467257090789685,-0.7281247547332642,-1.2316386029380648,0.5221289548787375,-1.1129963094776179
Minor_30.wav,minor,0.3922648685527437,0.9420003476511143,-0.8384232406802353,-0.2603485139424401,1.6329503850749794,-0.004961463554949087,-0.9247196863190704,-0.9742331145511831,-0.814931421463623,-0.7153381097835552,-1.3013902103661739,-0.7528410967597636,0.645600773813218,2.337337502529006,0.5739078046420094,0.7398949433086447,1.4028131670039838,0.6609189589355376,-0.1449966431501075,-0.7326329614372621,-0.09557779485481434,-1.066977999609291,-0.9190773011135033,-0.08386468001577219,-0.2825998946103192,0.02913956128705705,-0.18320567999315573,0.3634361643679966,-0.17714481501949292,0.7683480021221595
Minor_31.wav,minor,-0.5122902419204167,-1.1677729266988748,1.101179771364075,1.2819702942904752,0.1064949307769811,0.34286886476212813,0.41904100430111957,0.5713855282631725,1.0984211081426316,1.6193341038797953,0.9952129504966739,0.0028514212034115556,-0.7070712804618564,1.1992304955749382,0.61932320045243,0.024233635154845716,0.2090403486369636,-0.23201571697576373,0.09643394304337093,-0.32011651495910776,-0.5665256324652627,-1.2244083914949755,-1.1444736192759404,-0.6259786049647494,-0.4469286820615274,-0.9467257090789685,-0.727284996217134,-1.2308885449449405,0.5227867963915155,-1.1127565164767126
Minor_32.wav,minor,0.9948574126554093,0.7562471399392909,-0.7851506121048245,-0.9205402062752372,0.036889477348350595,0.27595692584996406,-0.2801758047114896,-1.160920808174641,-1.6290083214600652,0.8312730859942968,2.5178806636039774,1.2360597682007495,-0.1140112690621141,-0.3759379727865523,-0.5151956020363783,0.31074676393255324,1.7926397062462711,1.0918231884633738,-0.06371668232920978,0.2643298376139263,-0.8223551458656901,-1.3799761926534266,-1.212996958271971,-0.1845241533478461,1.4319913582929737,1.1235995693711758,0.026439561120670415,0.5866416236718077,-1.2759201379607967,0.8841931484288351
Minor_33.wav,minor,-1.2993639963495502,-0.8604742559343304,0.9053383565617139,0.6139122768802404,-1.2651541385988163,-0.19568424628260445,0.8562377058471299,0.9456934047804542,1.0664553432061863,1.3582126381271602,1.700121315154856,1.7897924409092332,1.3162179006558097,-0.9443599002541283,-1.1593890856230114,-0.15343316189810063,1.504061794145115,1.0987086997989293,0.174208399737907,-0.38952295162487516,-0.9454004196223106,-1.3291591612811613,-1.2221410684966247,-0.5123906469654902,0.6004569622620384,-0.9467257090789685,-1.7904858618658253,-0.6923610875770149,-0.31009271886292483,0.9007424550440746
Minor_34.wav,minor,1.043211121369788,1.2877169383353877,-0.6694809042904601,-0.7458918317575959,0.072273102707922,-1.990066513209212,-2.0751115934155617,-1.3870162798265704,0.09133215672317066,1.9120068175666962,0.44816728055523125,-1.010090119577181,-0.5025235129845571,-0.5468619022996359,-0.30241756467465236,-0.8060860914941318,-1.1288565778378867,-0.8692624420403775,0.014046423324419749,2.8723770219080613,0.9014046436774638,0.8582760596679047,-0.6544513546407787,-0.46572478713582405,0.8035044241638677,1.123976060602027,0.4631450184038107,0.5805005210877873,-0.9342527144886571,0.39200451094597555
Minor_35.wav,minor,-0.8906607694225912,-0.6583841753337271,1.0541096295251935,0.6958604725653913,-1.8335777021429802,-2.146644620021468,0.10149672637031469,0.9679563309322787,1.2912229690576131,0.6171820373836995,-0.129013500736776,0.04018828407961585,0.36523607413532666,-1.195472257243232,-0.8989661199328104,-1.1447927946100456,-0.8261307134622194,0.2801633416093954,0.2515383496705432,0.9564071543171058,1.0699792417690304,2.2730439177853303,0.058471534208838036,-0.6995038126392599,-0.2416253642028876,-0.9467257090789685,0.970730533396863,-0.025736528873181265,1.85296098726423,-1.1128791039331214
Minor_36.wav,minor,0.5852494853999844,0.7328900270260793,-1.4627388270513533,-1.0233384438995687,1.109627270081697,0.8334805212533765,-0.8870619786454416,-1.2100623100807086,-0.21435828164204676,1.6293758240895961,1.16520104111679,0.5503270445681069,0.8494765840917511,-0.10188707501014434,-0.19185545350292202,-0.5933384562209073,-1.0559253997293843,-0.9603222164580183,-0.9663995836301763,0.6731325526903619,-0.8440003166829427,-1.4056092027216605,-0.5978226340902583,1.1053478535239412,1.9331659419244498,1.1235995693711758,1.828390324027607,2.506917162444278,0.13567378225916998,1.8826679808816085
Minor_37.wav,minor,-1.638891428804917,-1.0929150265303638,0.09468148712810799,0.4183602908195946,-0.37302822928217433,0.01044960613214738,0.506980950571279,0.6930058980708034,0.7194359570958809,0.14339811955433918,0.09908384888072198,0.7952254843211981,1.0590084061756273,-0.9657706023712664,-1.4437093887180608,-1.283067705442225,-0.6532976016537877,0.7442256587192936,-0.14403770721432357,-0.7287722157383689,-1.032728511199867,-1.3759555044569398,-0.5813962350169474,0.9857053358380613,0.7128446928346834,-0.9467257090789685,0.026439561120670415,-0.6959040313754884,1.1132318987549918,-1.1127565164767126
Minor_38.wav,minor,0.9897809954475286,1.1202128246637515,-0.9648019295006387,-0.8558267924095753,1.1766281395337224,0.045076822029199576,-1.2354547437274703,-1.1636149694633509,-0.8709753667281844,-0.6739114769357858,-1.1111752259153616,-1.0216196947457223,0.08827961221747749,-0.11275406852365337,2.8101989591559526,1.461500223992244,0.6916065865062405,1.7106828255948958,0.3109039909172879,-0.861623202661845,0.01270016103636206,0.7098920787366877,-1.061272529442059,-1.0747649125914662,-0.06525756372911498,1.123976060602027,0.023888322736745782,1.0620259493425,-1.2783531714951866,1.6271957217248771
Minor_39.wav,minor,-1.398964125128982,-0.8002137533259823,1.0687702561929242,1.1410626177139644,0.09719168377127581,0.46542856164690344,0.9724758199676355,0.9034810204536863,0.6697901067884827,0.10986320109018005,-0.06306562371849148,-0.0003053195928967614,0.320030850722881,-1.136982933235568,0.4614229643728066,0.38741623742053366,0.10028983437451776,1.5406450020432987,0.9402862154923207,0.6457828849128123,1.4527174418509143,0.8642124088160756,-0.4029657771075391,-1.0377607300838139,-0.8720816627044492,-0.9467257090789685,-1.7868253894019333,-1.7439855390482693,-0.30722521505453726,-0.74070358627485
Minor_4.wav,minor,0.5671018957210855,0.7653399543028068,-0.062271956289590175,-0.8485136254307298,-0.552097257721987,-0.03969041376226661,0.12023795570502442,0.31342244546516773,-0.5377062278508732,-1.384085010529579,-0.8446501975648392,-1.4504651842639629,-2.288248121931249,-0.7623716097245801,0.8561556321583645,3.0326967155081674,2.523983523853288,1.6759662175474643,0.26344226194283066,-1.0873028542184766,-1.1028040061974282,-0.628813223905466,-0.7578379057781361,-0.9710329112504696,-0.14914588077307778,1.1235995693711758,0.026439561120670415,0.5866416236718077,-1.2759201379607967,0.8841931484288351
Minor_40.wav,minor,1.1110201582636123,0.6766364764376674,-1.4281685581650445,-1.6035663827342297,0.27434189903974177,0.7118090467740444,-0.8530099429516814,-0.6356028379348575,-0.293064921700964,-1.4184360038114636,-2.8685370638346184,-2.0380601056707834,-0.06133329388385533,-1.755852147456657,0.3337010855592105,2.6355290273059944,-0.0426380652457872,-0.9182270238864233,-0.6440873824780134,-1.0016714822090644,-1.229751731532277,0.6333001042347683,2.152114902837682,-0.5291799818774022,-1.9287955260686125,1.2421943070892694,1.254361687644511,1.3164880461572859,-0.4508610876383233,0.6635357268923111
Minor_41.wav,minor,-0.7810499179528139,-1.1066498215797682,0.8065392694262122,0.576721156461425,-1.2090143986176665,0.627378541197314,1.4666509484036498,1.1870087682720398,0.860118286006162,0.20975092808990484,0.24427766670174558,0.8759086965162842,1.3678532113908026,-1.8576500215353493,-0.9329265780899165,0.4946460658546025,0.0123294203609419,0.9855256111655895,1.2992043127903565,0.028015697692524707,-0.996409632344667,-0.7781741919220418,0.6116337449613444,-0.6833560954911528,-1.8572523104517489,-0.9467257090789685,0.24107635559435003,-0.5435574480411409,1.2813718947922734,-1.1127565164767126
Minor_42.wav,minor,1.4284006819914974,0.957212870554169,-1.2318925977507114,-1.702739664938292,-1.5925925643095884,-1.4734313268115615,-0.5776599280457438,-0.4530253526125886,-1.1617322759238446,-2.1679861632212796,-2.1651097684799403,-1.5177253531571187,-0.48308827996567294,-0.6067652344176219,-0.16257699005160706,0.9545736646584696,-0.23721755858681234,-0.9026388730692787,-0.07616287166240535,1.0115313287830776,-0.7869105368049509,0.4410022082511264,2.4822579830842786,0.8127410082669573,0.7550735523686177,1.2421943070892694,1.254361687644511,0.5795557360748611,-0.4508610876383233,-0.4838828650976175
Minor_43.wav,minor,-0.6476450595609834,-0.9949309671030236,0.7379600710277004,0.2853088933761618,-2.0685873193914133,-0.08516561908043511,1.3672737519137197,1.2592923614910074,0.8517968365807062,-0.13238014304521561,-0.0980258457334052,0.7450256045672926,1.210547855503681,-0.8613820120696695,-1.1386839029981817,-0.6635936735390443,-0.5156511200091384,0.7167104561996214,1.0676912067105222,0.3545443214141848,-0.8772493360804736,-0.8902672135122556,0.418987534205075,-0.14463645648112936,0.05931441518316337,-0.9467257090789685,0.24107635559435003,-0.5435574480411409,1.2813718947922734,-1.1127565164767126
Minor_44.wav,minor,1.3129143260709286,0.8232203199006248,-1.3258757601204112,-1.3127076459235298,0.447274686675696,-0.7600017360967974,-2.120731257362188,-1.8443113585016424,-1.246063605197686,-0.7743159384466513,-1.446790334456059,-1.7357999291562167,-0.8455304728774492,0.7801920531447757,0.8285428526635271,1.0785342419686548,-0.07551184612965767,-0.9702277908440635,-0.5659176068655059,-0.9355397963783025,-0.6853830445755666,0.21595640910290956,2.3091493477457052,0.20444965117027789,-1.2032516096396682,1.2421943070892694,1.254361687644511,0.8133900267740919,-0.4508610876383233,-0.11979811956235199
Minor_45.wav,minor,-0.9205912072421009,-1.2625349009967817,0.7912163607776289,0.883832846203201,-0.3691716338149327,0.7367668603719872,0.9881336750738561,0.6909366729783193,0.44008772332855167,0.14493139207494535,0.587786143773159,1.1403984259120032,1.1202168564011794,-0.5786712708554403,-0.4832627348171382,-0.4252323450223842,-0.47294211914303663,0.9476441688692205,1.4177224984092271,0.09710402075634007,-0.9969880302397345,-0.8127130089303946,0.5220612316754188,-0.6537225268943052,-1.4790072534584935,-0.9467257090789685,0.24107635559435003,-0.5435574480411409,1.2813718947922734,-1.1127565164767126
Minor_46.wav,minor,1.3176366288154784,0.8276504991863968,-1.3866745441159483,-1.571218231509684,-0.544770839846474,-0.627976732942079,-1.3648557694283348,-1.792181313976863,-1.9387489173693786,-1.137795323641316,-0.6101561444916446,-0.7456839601188718,-0.7895347227534034,-1.0317784042570237,2.0408174172679034,1.3426909290544196,-0.5125986583999566,-1.071817644461404,-0.6402162991608554,-1.1340889389956825,-1.1004000470148587,1.3009403929769283,2.069808421485199,-0.35113549151758705,-1.8290013222645005,1.2421943070892694,1.254361687644511,1.0613960926672157,-0.4508610876383233,0.26635236812656665
Minor_47.wav,minor,-0.8468756032252632,-1.1701173879416547,0.7380952580221023,0.5147232332381688,-1.1393020283052187,0.7184139029629136,0.9816034275468295,0.40275220000006173,0.11785410352485844,0.1835417202509211,0.7996420512670496,1.15927848712285,1.0277516741010497,-1.101436280962945,0.6935741874437175,0.06806664965898696,-0.35670620255355096,1.2085393817769767,1.1122753711415672,-0.1421484900926546,-1.0672285394197174,-0.3901570661584176,0.4242605124695623,-1.0127492707886057,-1.780218337722229,-0.9467257090789685,0.24107635559435003,-0.5435574480411409,1.2813718947922734,-1.1127565164767126
Minor_48.wav,minor,1.0938300754559565,0.8062041052870028,-1.27672644678402,-1.335763035632504,-0.5246037534949579,-1.6659817195243378,-1.6784476111339675,-1.372996655044827,-1.5903851962941233,-2.128266684395735,-1.6783237036459362,-0.18022830096296744,1.0448405095777002,1.8279405452922315,1.4363569811270924,2.2112936354544614,1.3937517530579588,-1.0022692824783468,-0.4169124928854441,-0.7211705601429386,-0.4245217484702196,-0.20431980547814454,0.15137252215383454,-0.9353545183639328,-1.141196073483444,1.0083932527307422,-0.3778762610274234,0.8133900267740919,-1.4597010638620114,1.6840763014987363
Minor_49.wav,minor,-1.1885890712382534,-1.492687916044038,0.914084552224364,1.4545448913514947,0.8863916652642162,1.3449163095468037,1.1618878225236275,0.9570082385589438,0.7979927074593756,0.32857700878496143,0.34327074479750075,0.6719532853095994,0.8294163818407283,0.06144294857914262,-0.0013622079734545531,0.15325728441423173,0.4201558860092502,-0.14272093997865556,1.2988767974234001,0.5052117323717848,-0.4658949548055477,0.1632304536727375,-0.2955627380622094,-1.1131998310745774,-1.3132927619204569,-0.9467257090789685,0.24107635559435003,-0.5435574480411409,1.2813718947922734,-1.1127565164767126
Minor_5.wav,minor,-1.6323674910714912,-0.6321215527880649,1.2094345620633093,1.1506007597483117,-0.528359738696414,-0.6376363633516887,0.7611532144790436,1.0648169099032085,1.1367984518372927,0.793210645393043,0.28954488945293116,0.07076459183301106,0.2109747809693886,-1.414534732719441,-0.6381169466724339,1.4545551577321585,2.0537089035289733,2.455337749740298,1.0774594584730486,-0.25474774199915384,-0.33269371222096744,0.18228568897845157,-0.5409841919773923,-0.869658100545122,-0.33955309523017535,-0.9467257090789685,-1.7904858618658253,-1.9855355740197307,-0.31009271886292483,-1.1127565164767126
Minor_6.wav,minor,1.2210006555328312,0.7846503085499611,-1.7619797155503674,-1.6965178416671314,-0.36111502782044624,-1.1248451593111561,-1.5420351659618925,-0.6211598449506024,0.8206570955682821,0.9532380918103537,-1.0613621616634084,-1.7799339078978922,-0.989520632018972,-0.33575547916543735,2.89986133518788,0.3301499619251403,-0.4461879508981708,-0.8782496318085707,-1.3293785914861305,-1.4771226704105187,-1.0876813630705444,0.02574264224459751,-0.5493902676755595,-0.10140847757541836,-1.1331243057292333,0.0871948810136381,2.480390568160731,1.0592822515871652,1.8424404644957464,-1.0918897393275881
Minor_7.wav,minor,-1.1664421625107717,-0.9754249594348396,0.4332112077849201,0.5881453412714099,-0.9011089485235125,-1.4473273631180732,-0.21195213682336767,0.40034976748873363,0.6309958314222027,-0.15374555742770396,-0.7298783172641471,-0.3659944951854175,0.4424359675873386,-0.7887172644059294,2.0987813323834796,-0.22789393580423403,-0.4964001446118663,-0.24759568400554555,-0.9002446577964159,-1.1387704531417515,-0.8768499391765272,-0.620677072707514,-0.5452146679684454,-0.40113563295291854,-1.5476648953316847,-0.9467257090789685,2.4947142972807934,1.0592822515871652,3.046803937857437,-1.1077196669401101
Minor_8.wav,minor,0.9387558969220576,1.1100681384532027,-1.2090829259187812,-1.1110223916789153,0.8754107100507401,0.04192167811197615,-0.6926583644071015,-0.48415248549095413,-0.50766632599687,-0.4780303251941169,-0.699821685422818,-0.9096760752144033,-0.06751609056427958,-0.3841784485301089,-0.6128400550705029,-0.5296735720186482,0.735586711905136,1.357319653977984,0.23781993567254342,0.315642393904159,-0.7837951353933487,-0.7854584697762161,-1.0010657795498101,-0.4241852566941543,1.4553295463485043,1.123976060602027,0.023888322736745782,0.5805005210877873,-1.2783531714951866,0.8774508383263296
Minor_9.wav,minor,-1.4512185289076387,-0.6815591540642143,0.7470740021734669,0.7855531709119528,-0.7891150401089568,0.3421311576883695,1.504178645460984,1.2685649052885457,0.6950295873216784,-0.03415385633311322,0.2443639677123829,0.8949478977295839,1.2816100921949223,-0.8719228137100766,-1.2117654525085575,-0.6089995892349077,0.6095924499681066,1.5089072925959222,0.46280649592554524,-0.29163654587672927,-0.6349462354016921,-0.525318678577333,-0.8184119074767725,-0.45087861295987125,0.7762816224404712,-0.9467257090789685,-1.7868253894019333,0.5908931562299756,-0.30722521505453726,2.8947500209958017
